timestamp,http_code,total_time
2026-08-08T12:00:00Z,200,0.041
2026-08-08T12:00:01Z,200,0.043000000000000003
2026-08-08T12:00:02Z,200,0.045
2026-08-08T12:00:03Z,200,0.047
2026-08-08T12:00:04Z,200,0.049
2026-08-08T12:00:05Z,200,0.041
2026-08-08T12:00:06Z,200,0.043000000000000003
2026-08-08T12:00:07Z,200,0.045
2026-08-08T12:00:08Z,200,0.047
2026-08-08T12:00:09Z,200,0.049
2026-08-08T12:00:10Z,200,0.041
2026-08-08T12:00:11Z,200,0.043000000000000003
2026-08-08T12:00:12Z,200,0.045
2026-08-08T12:00:13Z,200,0.047
2026-08-08T12:00:14Z,200,0.049
2026-08-08T12:00:15Z,200,0.041
2026-08-08T12:00:16Z,200,0.043000000000000003
2026-08-08T12:00:17Z,200,0.045
2026-08-08T12:00:18Z,200,0.047
2026-08-08T12:00:19Z,200,0.049
2026-08-08T12:00:20Z,200,0.041
2026-08-08T12:00:21Z,200,0.043000000000000003
2026-08-08T12:00:22Z,200,0.045
2026-08-08T12:00:23Z,200,0.047
2026-08-08T12:00:24Z,200,0.049
2026-08-08T12:00:25Z,000,2.0
2026-08-08T12:00:26Z,000,2.0
2026-08-08T12:00:27Z,000,2.0
2026-08-08T12:00:28Z,200,0.047
2026-08-08T12:00:29Z,200,0.049
2026-08-08T12:00:30Z,200,0.041
2026-08-08T12:00:31Z,200,0.043000000000000003
2026-08-08T12:00:32Z,200,0.045
2026-08-08T12:00:33Z,200,0.047
2026-08-08T12:00:34Z,200,0.049
2026-08-08T12:00:35Z,200,0.041
2026-08-08T12:00:36Z,200,0.043000000000000003
2026-08-08T12:00:37Z,200,0.045
2026-08-08T12:00:38Z,200,0.047
2026-08-08T12:00:39Z,200,0.049
2026-08-08T12:00:40Z,200,0.041
2026-08-08T12:00:41Z,200,0.043000000000000003
2026-08-08T12:00:42Z,200,0.045
2026-08-08T12:00:43Z,200,0.047
2026-08-08T12:00:44Z,200,0.049
2026-08-08T12:00:45Z,200,0.041
2026-08-08T12:00:46Z,200,0.043000000000000003
2026-08-08T12:00:47Z,200,0.045
2026-08-08T12:00:48Z,200,0.047
2026-08-08T12:00:49Z,200,0.049
2026-08-08T12:00:50Z,200,0.041
2026-08-08T12:00:51Z,200,0.043000000000000003
2026-08-08T12:00:52Z,200,0.045
2026-08-08T12:00:53Z,200,0.047
2026-08-08T12:00:54Z,200,0.049
2026-08-08T12:00:55Z,200,0.041
2026-08-08T12:00:56Z,200,0.043000000000000003
2026-08-08T12:00:57Z,200,0.045
2026-08-08T12:00:58Z,200,0.047
2026-08-08T12:00:59Z,200,0.049
